{"nodes":{"c68a387c-a58e-4c99-bbc9-19ef2aa83e99":{"x":135.27316418016892,"y":256.2986983145879,"powered":false},"84c35b85-5a0b-481a-a670-585f263434aa":{"x":58.30210812881083,"y":290.7092880787245,"powered":{"duration":1000,"offset":1000}},"d5b64c8e-9771-4bdb-9c46-44fdd88057b0":{"x":218.9014004369442,"y":258.29506458025287,"powered":false},"2542a259-2ff5-4819-9e96-89408016263f":{"x":59.207649964709134,"y":221.8881085504513,"powered":{"duration":2000,"offset":0}},"b67f7a64-7aa6-4834-b369-44381ba195bb":{"x":454.70847570577615,"y":107.01843477294159,"powered":false},"c0da1c11-3a16-494e-8562-8b6198cf1c94":{"x":377.73741965441803,"y":141.4290245370782,"powered":false},"2ca98036-7c2c-4472-8de4-5b6eeb07925d":{"x":378.6429614903163,"y":72.60784500880499,"powered":false},"c9084de7-6b19-4f6f-9df4-f9296a709ae6":{"x":287.8261081715791,"y":142.4746884916869,"powered":{"duration":1000,"offset":1000}},"a5037a47-82a9-47d6-83aa-10aef4286d5b":{"x":288.73165000747736,"y":73.65350896341369,"powered":{"duration":2000,"offset":0}},"78985fc8-9f31-4622-b297-64eb263ef5ec":{"x":169.09709225345586,"y":127.61208498770183,"powered":false},"56f30bc9-3a0d-436d-9c0d-bbb905ae9426":{"x":90.76903708170616,"y":127.13960956791423,"powered":{"duration":1000,"offset":0}},"7a8bf926-5067-4a02-b3ab-0079a02be38d":{"x":289.9551361603483,"y":315.7402817597372,"powered":{"duration":1000,"offset":1000}},"d9fc15eb-e6ad-4574-8aab-9c6c1b88c571":{"x":473.61316908767685,"y":282.99187361461054,"powered":false},"64b81379-7b83-48ef-9df2-0511547550ba":{"x":290.8606779962466,"y":246.9191022314639,"powered":{"duration":2000,"offset":0}},"e31be6f3-9d44-4cc0-89d1-2f79d9f10e7d":{"x":351.6767905968544,"y":245.66150455348964,"powered":false},"03b02ebc-f72c-4bf3-bfd3-43b262347713":{"x":414.8376888146501,"y":246.99824314010965,"powered":false},"11515500-b8aa-4b91-be00-ff86e8c1812e":{"x":349.33749807026936,"y":315.5060957043854,"powered":false},"1b547784-b19d-4808-82b7-c491e48bda1b":{"x":414.5035041679951,"y":314.16935711776534,"powered":false}},"wires":{"e2d52bf7-8497-4c59-a200-c9d7edaa6693":{"start":"84c35b85-5a0b-481a-a670-585f263434aa","end":"c68a387c-a58e-4c99-bbc9-19ef2aa83e99","not":true},"10331c43-2d44-4a60-a977-df23370aca92":{"start":"c68a387c-a58e-4c99-bbc9-19ef2aa83e99","end":"d5b64c8e-9771-4bdb-9c46-44fdd88057b0","not":true},"6bda859d-999f-47c5-a700-82ef1f497a43":{"start":"2542a259-2ff5-4819-9e96-89408016263f","end":"c68a387c-a58e-4c99-bbc9-19ef2aa83e99","not":true},"9b2a5c47-12df-4a3c-afc1-1010cfe8cb15":{"start":"c0da1c11-3a16-494e-8562-8b6198cf1c94","end":"b67f7a64-7aa6-4834-b369-44381ba195bb","not":true},"c6c1baa4-d0b6-4393-aa8d-9810276de2b2":{"start":"2ca98036-7c2c-4472-8de4-5b6eeb07925d","end":"b67f7a64-7aa6-4834-b369-44381ba195bb","not":true},"e49de6f3-0feb-453a-b1b8-59840d1ae82c":{"start":"a5037a47-82a9-47d6-83aa-10aef4286d5b","end":"2ca98036-7c2c-4472-8de4-5b6eeb07925d","not":true},"57fad84f-f183-40e7-982e-fb55d476e8e9":{"start":"c9084de7-6b19-4f6f-9df4-f9296a709ae6","end":"c0da1c11-3a16-494e-8562-8b6198cf1c94","not":true},"63fd2a7b-063e-486f-ba05-ee1fc282a4d9":{"start":"56f30bc9-3a0d-436d-9c0d-bbb905ae9426","end":"78985fc8-9f31-4622-b297-64eb263ef5ec","not":true},"93855dc2-a55a-42a1-8446-7027c7f89276":{"start":"64b81379-7b83-48ef-9df2-0511547550ba","end":"e31be6f3-9d44-4cc0-89d1-2f79d9f10e7d","not":true},"3bc58b85-1f57-4547-bd5d-d6a4e518f724":{"start":"64b81379-7b83-48ef-9df2-0511547550ba","end":"1b547784-b19d-4808-82b7-c491e48bda1b","not":true},"4304ffe4-a20f-4a32-811c-4f057d9b23fc":{"start":"7a8bf926-5067-4a02-b3ab-0079a02be38d","end":"11515500-b8aa-4b91-be00-ff86e8c1812e","not":true},"349853ea-b7d3-486d-9b20-e345f8329d0e":{"start":"7a8bf926-5067-4a02-b3ab-0079a02be38d","end":"03b02ebc-f72c-4bf3-bfd3-43b262347713","not":true},"93f58218-c6d8-4082-a704-f70b1bcf8381":{"start":"e31be6f3-9d44-4cc0-89d1-2f79d9f10e7d","end":"03b02ebc-f72c-4bf3-bfd3-43b262347713","not":true},"1d6090f4-cf8f-4992-ab4e-7b7fe9e52484":{"start":"11515500-b8aa-4b91-be00-ff86e8c1812e","end":"1b547784-b19d-4808-82b7-c491e48bda1b","not":true},"a3f35572-e78c-4da8-ad63-a49299e7844d":{"start":"03b02ebc-f72c-4bf3-bfd3-43b262347713","end":"d9fc15eb-e6ad-4574-8aab-9c6c1b88c571","not":true},"49881272-6560-47f4-86dd-8c51fc2115f3":{"start":"1b547784-b19d-4808-82b7-c491e48bda1b","end":"d9fc15eb-e6ad-4574-8aab-9c6c1b88c571","not":true}},"texts":{"0d7ee31c-bb1c-4c5a-862b-23747a18dfc3":{"x":132.59747482366126,"y":204.0891950903552,"text":"与门示例","scale":1},"1d851a0b-d1ca-404a-b518-e162045a1a88":{"x":338.0900268880833,"y":34.455876606016545,"text":"或门示例","scale":1},"78232f9b-bd5f-419e-9762-bcd488df8fe1":{"x":130.30088903787268,"y":103.65530532977441,"text":"非门示例","scale":0.7},"48c2cf3a-6445-4865-96fe-ddd7b436f8df":{"x":355.3230449825018,"y":204.14520481685668,"text":"异或门示例","scale":1}},"viewport":{"x":12.902548423212252,"y":11.12755522527943,"scale":1.2815948662410395}}