{"nodes":{"731fce3c-ccbb-4d1c-85c0-feef84c90b73":{"x":348.14021653754963,"y":-192.48579152119007,"powered":false},"316171e2-2e02-41f0-b566-c54fb5a44268":{"x":350.68911792773616,"y":-31.885411193729368,"powered":false},"0a6ddfee-ba78-4843-ad02-d0d44c0141e2":{"x":235.5627008882778,"y":-191.95254867289768,"powered":false},"7cee934d-144c-42af-8bb4-9fd67ec5ac11":{"x":170.90423555024046,"y":-146.51809307591495,"powered":false},"a03a26a3-8e7d-42c8-90d0-16c24569c3f3":{"x":294.00725149383874,"y":-192.73282645516835,"powered":false},"24fcbcc1-47ff-48e7-a562-e1d08a898907":{"x":231.14570581525965,"y":-32.784533078354315,"powered":false},"b926cb40-7756-4de3-a588-8afcc37d5dd3":{"x":233.32755814524495,"y":-107.7871849312231,"powered":false},"c8856880-2c6b-48e6-b245-d9fa5897c3b3":{"x":171.7081178544957,"y":-73.89270564240414,"powered":false},"a20e9de1-aa3d-45e0-bef6-3845b6e5ab10":{"x":295.377375229185,"y":-32.11803115853374,"powered":false},"357b97ca-5388-4aca-829c-297118cd838e":{"x":424.22330499279946,"y":-30.373611534555693,"powered":false},"07aa9a68-fd43-4bcc-b812-f6d4689db5b1":{"x":109.49757534029737,"y":-74.04464449821151,"powered":false},"46dc89e5-0009-44fd-b41a-a6cc82a43463":{"x":110.18682071662084,"y":-106.43917718541209,"powered":false},"a079bed0-63b7-4ce5-8d17-0a857830baed":{"x":458.97186451098383,"y":139.41248131599846,"powered":false},"2f79820b-0e12-4ac6-8021-811566042f0d":{"x":461.52076590117036,"y":300.01286164345913,"powered":false},"98b7b2cf-c93b-4ab2-8e52-70545ec58909":{"x":346.394348861712,"y":139.94572416429085,"powered":false},"4723c418-6208-4273-a114-589b6be351f0":{"x":281.73588352367466,"y":185.38017976127358,"powered":false},"94a603ef-f0e0-4f6d-9456-980fd5fafb52":{"x":404.83889946727294,"y":139.16544638202018,"powered":false},"aec96206-f154-4e60-8f5c-ff2ad4a89dba":{"x":341.97735378869385,"y":299.1137397588342,"powered":false},"c3410371-9223-49f1-b784-942f6b08e53d":{"x":344.15920611867915,"y":224.1110879059654,"powered":false},"43acb1aa-16e5-4d59-8afc-3a1d0eef0c47":{"x":282.5397658279299,"y":258.00556719478436,"powered":false},"c68fdad8-39ff-4d0c-8be7-9afcdce1afc1":{"x":406.2090232026192,"y":299.78024167865476,"powered":false},"ecf7d4fe-9c56-4de8-ab3d-c7680ec0d1e1":{"x":179.88955721588155,"y":224.6365174222929,"powered":false},"4fd85129-910b-4616-b8e2-f4bee5367a16":{"x":458.3803393727525,"y":397.76716173953446,"powered":false},"37ea1f7d-f72e-449a-897f-c632226b8a42":{"x":460.929240762939,"y":558.3675420669952,"powered":false},"f9416114-d9e8-482a-a4b1-289286fe1340":{"x":345.8028237234806,"y":398.30040458782685,"powered":false},"d7a03340-93ca-4dc8-8a23-65519815e8db":{"x":281.1443583854433,"y":443.7348601848096,"powered":false},"6c45a5bb-8233-4d90-b03f-d8c8ff63675a":{"x":404.2473743290416,"y":397.5201268055562,"powered":false},"bfc64794-f870-447c-ab24-a5163019fcb8":{"x":341.3858286504625,"y":557.4684201823702,"powered":false},"ac52f6ec-48fa-43b9-a660-bce0aa450b1b":{"x":343.5676809804478,"y":482.46576832950143,"powered":false},"c346a9f4-83f3-4bc2-a386-891cba2bede1":{"x":281.94824068969854,"y":516.3602476183204,"powered":false},"7a649ba3-9613-42fe-a853-bb2b3b26e786":{"x":405.61749806438786,"y":558.1349221021908,"powered":false},"b11278bb-c1ef-414c-8845-14d9857f7d1d":{"x":534.4634278280023,"y":559.8793417261688,"powered":false},"72a97a21-f593-4124-9372-287b1a1d06fc":{"x":219.73769817550019,"y":516.2083087625131,"powered":false},"7066bc40-1ee3-4290-8796-13d2ec710c2a":{"x":179.29803207765016,"y":482.99119784582894,"powered":false},"cce810d2-435b-4a6a-8d1f-5d2e77816bcc":{"x":219.951002938341,"y":353.06797149033775,"powered":false},"ea39cff2-2c61-4846-bdeb-908ced69da58":{"x":460.96642417699746,"y":352.2453932608543,"powered":false},"336f3143-a159-4eab-9220-498990ccdc82":{"x":74.2323027844659,"y":223.91982294929494,"powered":{"duration":1000,"offset":0}},"d0fa2f8c-80f1-4eef-990b-061cb17772d4":{"x":75.28651482045359,"y":257.6546081009,"powered":false}},"wires":{"bcc6bcd0-e374-42c7-8f64-49ec628f84c2":{"start":"316171e2-2e02-41f0-b566-c54fb5a44268","end":"731fce3c-ccbb-4d1c-85c0-feef84c90b73","not":true},"221c4baa-d280-48b9-a602-13f6357e4a60":{"start":"7cee934d-144c-42af-8bb4-9fd67ec5ac11","end":"0a6ddfee-ba78-4843-ad02-d0d44c0141e2","not":true},"665b10c7-20f2-48df-8874-c57792159e9c":{"start":"0a6ddfee-ba78-4843-ad02-d0d44c0141e2","end":"a03a26a3-8e7d-42c8-90d0-16c24569c3f3","not":true},"396d8d60-24a2-4971-af12-a09e66297e20":{"start":"b926cb40-7756-4de3-a588-8afcc37d5dd3","end":"24fcbcc1-47ff-48e7-a562-e1d08a898907","not":true},"8a22681a-cb23-4dc6-a0a5-2cb87e37a186":{"start":"c8856880-2c6b-48e6-b245-d9fa5897c3b3","end":"24fcbcc1-47ff-48e7-a562-e1d08a898907","not":true},"2021a74a-1993-44b5-9ba6-33bf2b535183":{"start":"24fcbcc1-47ff-48e7-a562-e1d08a898907","end":"a20e9de1-aa3d-45e0-bef6-3845b6e5ab10","not":true},"76e7a06c-c643-400e-8ac3-e9c2f69b0ce1":{"start":"316171e2-2e02-41f0-b566-c54fb5a44268","end":"357b97ca-5388-4aca-829c-297118cd838e","not":false},"74c55b05-db06-41ba-af64-999d7ade122d":{"start":"a03a26a3-8e7d-42c8-90d0-16c24569c3f3","end":"a20e9de1-aa3d-45e0-bef6-3845b6e5ab10","not":true},"38eca9b0-909a-47d4-8a74-758f8d239cf1":{"start":"a03a26a3-8e7d-42c8-90d0-16c24569c3f3","end":"731fce3c-ccbb-4d1c-85c0-feef84c90b73","not":false},"3c053ad6-33f2-41ca-906e-b34d1810b5a6":{"start":"a20e9de1-aa3d-45e0-bef6-3845b6e5ab10","end":"316171e2-2e02-41f0-b566-c54fb5a44268","not":false},"d2f9ee3c-2045-4436-859d-5a01088225ec":{"start":"c8856880-2c6b-48e6-b245-d9fa5897c3b3","end":"7cee934d-144c-42af-8bb4-9fd67ec5ac11","not":true},"9467a412-2c06-4974-8255-6e4e4b25e65e":{"start":"b926cb40-7756-4de3-a588-8afcc37d5dd3","end":"0a6ddfee-ba78-4843-ad02-d0d44c0141e2","not":true},"4c849f16-5d79-4d4a-bdd9-ec1bee1a02c3":{"start":"c8856880-2c6b-48e6-b245-d9fa5897c3b3","end":"07aa9a68-fd43-4bcc-b812-f6d4689db5b1","not":false},"e7e2d927-4ca6-4191-8926-3babc040bfcc":{"start":"b926cb40-7756-4de3-a588-8afcc37d5dd3","end":"46dc89e5-0009-44fd-b41a-a6cc82a43463","not":false},"4c97bf7b-64cb-41f0-be5a-80ce16fd28e2":{"start":"2f79820b-0e12-4ac6-8021-811566042f0d","end":"a079bed0-63b7-4ce5-8d17-0a857830baed","not":true},"81d215ae-b9d0-4667-ae83-0eeb6bf83152":{"start":"4723c418-6208-4273-a114-589b6be351f0","end":"98b7b2cf-c93b-4ab2-8e52-70545ec58909","not":true},"a0bd92dd-9de8-4d25-b9ba-0aea739d8d0a":{"start":"98b7b2cf-c93b-4ab2-8e52-70545ec58909","end":"94a603ef-f0e0-4f6d-9456-980fd5fafb52","not":true},"723c6367-73ec-450c-a150-077886338309":{"start":"c3410371-9223-49f1-b784-942f6b08e53d","end":"aec96206-f154-4e60-8f5c-ff2ad4a89dba","not":true},"6a0eb731-2c01-4a51-8c30-8b897bf09189":{"start":"43acb1aa-16e5-4d59-8afc-3a1d0eef0c47","end":"aec96206-f154-4e60-8f5c-ff2ad4a89dba","not":true},"a10a3690-432b-4a74-98e0-ffcd252bcb50":{"start":"aec96206-f154-4e60-8f5c-ff2ad4a89dba","end":"c68fdad8-39ff-4d0c-8be7-9afcdce1afc1","not":true},"6de9a8d9-0268-41b3-85b1-38370be953fb":{"start":"94a603ef-f0e0-4f6d-9456-980fd5fafb52","end":"c68fdad8-39ff-4d0c-8be7-9afcdce1afc1","not":true},"021bf1cd-abdd-4d3d-b37c-ed11268e7ace":{"start":"94a603ef-f0e0-4f6d-9456-980fd5fafb52","end":"a079bed0-63b7-4ce5-8d17-0a857830baed","not":false},"7e28049e-7a31-41e3-9e84-5b20c905f0cd":{"start":"c68fdad8-39ff-4d0c-8be7-9afcdce1afc1","end":"2f79820b-0e12-4ac6-8021-811566042f0d","not":false},"eff91682-d10b-490c-84dc-0de704e130fd":{"start":"43acb1aa-16e5-4d59-8afc-3a1d0eef0c47","end":"4723c418-6208-4273-a114-589b6be351f0","not":true},"c9544db6-80e7-4225-9a7a-c28c7091ae45":{"start":"c3410371-9223-49f1-b784-942f6b08e53d","end":"98b7b2cf-c93b-4ab2-8e52-70545ec58909","not":true},"dfefde9b-0073-4e7f-ae78-5f2b185376dd":{"start":"ecf7d4fe-9c56-4de8-ab3d-c7680ec0d1e1","end":"c3410371-9223-49f1-b784-942f6b08e53d","not":true},"ca43fb4e-62a7-49e9-8372-242a6e0910ad":{"start":"37ea1f7d-f72e-449a-897f-c632226b8a42","end":"4fd85129-910b-4616-b8e2-f4bee5367a16","not":true},"6cf7218e-2f42-48a6-9e29-e079b508e326":{"start":"d7a03340-93ca-4dc8-8a23-65519815e8db","end":"f9416114-d9e8-482a-a4b1-289286fe1340","not":true},