{"nodes":{"f336efdf-2b47-4075-9d0b-60831894e8eb":{"x":210.27734483373678,"y":41.447515887098874,"powered":false},"7f19e281-19bb-4ca7-ab82-35fc25656faa":{"x":208.17428460995302,"y":298.67157021839944,"powered":false},"94c91217-6181-44e6-9006-d3ffb4767709":{"x":612.1160511479819,"y":93.84657354425693,"powered":false},"320a68ef-a69b-49e0-ad06-cf875ea701e1":{"x":614.6649525381683,"y":253.2574844379667,"powered":false},"ac22c30d-211b-40b2-a2c5-43c20a0d58d8":{"x":687.4863216471002,"y":93.41730368401463,"powered":false},"4f93b373-971c-444a-8968-0e0a763b8b6a":{"x":690.0352230372866,"y":252.82821457772434,"powered":false},"19b3d31e-fca3-4c40-96f0-697ca38893b1":{"x":300.54760012824437,"y":300.01652803761726,"powered":false},"a27ba3d1-96e8-400b-9126-79567d0d4ca5":{"x":301.96376826889605,"y":42.87269345344848,"powered":false},"a072a8b6-87f8-4c19-a9ea-ebfa2d370ab8":{"x":349.9447463360002,"y":42.87269345344848,"powered":false},"d2c9a660-cd90-437d-961f-3219b49024ed":{"x":254.2324871947119,"y":163.06868849166295,"powered":false},"a2d34ce6-1284-4671-8b7a-801a046df964":{"x":129.910097809785,"y":-58.111821852937126,"powered":false},"76110f2a-47a3-412e-ad3d-f0f30bc0a30a":{"x":97.36730718302283,"y":-79.28765454600642,"powered":false},"1be2b4d3-1d3b-46a1-b97e-e0ef5a14b2dd":{"x":94.85663324091513,"y":-33.204440843810374,"powered":false},"d43d6444-d0af-4884-a84e-9bb5b20eec12":{"x":171.10734162595742,"y":-58.89209963520777,"powered":false},"8d750aa9-dc59-4e2e-ad2c-57bbe40e3688":{"x":453.0444505707037,"y":93.14906798172527,"powered":false},"510a8626-b48a-4e79-b0d0-b827bc10aadf":{"x":452.8529334553234,"y":42.51590419852886,"powered":false},"bef401cc-904f-49fc-9036-55848a3ea03b":{"x":525.80345475688,"y":92.91295848169608,"powered":false},"d5a2e4ca-5fc9-456c-a267-308a37477344":{"x":253.89008604826793,"y":42.35940736811189,"powered":false},"3ae3138c-152e-4138-a2c3-71b199a4d508":{"x":453.8017455002595,"y":251.77291529402723,"powered":false},"9641844a-3a37-4206-894e-fca717926f7c":{"x":451.9997714988588,"y":164.5829021152783,"powered":false},"724867c9-7233-4bb9-b90f-afab0c0795d9":{"x":453.5750509948422,"y":301.71203728626057,"powered":false},"2f23ffa1-d52b-4bc1-b713-bcb860268e8d":{"x":521.3864596838619,"y":252.0809740762395,"powered":false},"1a72c4cf-467c-4038-a6fa-7b7e5f73df2b":{"x":806.4873916253334,"y":252.89323453480665,"powered":false},"98185b23-469f-432d-8591-cfdf8e0eddf9":{"x":273.63576836780027,"y":-105.49145882359434,"powered":false},"e8e4f03e-955c-4ee0-bc51-cb16d8c2c432":{"x":274.54765929728825,"y":-32.02359711655488,"powered":false},"19d58304-3747-486e-8a4b-b69458ff8d97":{"x":349.0060388669185,"y":-105.92072868383664,"powered":false},"2085ca09-3b54-4944-9bde-192b1e77b859":{"x":349.9179297964065,"y":-32.45286697679724,"powered":false},"5fb601a4-5c3e-40b1-bcfc-23f4ce8d6ac7":{"x":216.23777216322122,"y":469.4993498061583,"powered":false},"0cb4bb69-ac3d-4123-849a-f110e6b45142":{"x":215.83773153047065,"y":503.7666827447519,"powered":false},"ba8b3eb6-9315-43ad-af64-3c932940071e":{"x":480.0276718825436,"y":385.75589119209167,"powered":false},"3ee5a22b-2975-46bb-948f-0ced6076e405":{"x":482.5765732727301,"y":546.3562715195524,"powered":false},"b437ed97-bd1e-44a5-8bf3-38ccfe7c411c":{"x":367.45015623327174,"y":386.2891340403841,"powered":false},"d490462a-af71-44d5-9b8d-a61047d34669":{"x":302.79169089523447,"y":431.7235896373668,"powered":false},"d7af0b42-0023-412e-9398-d6cc35bb6b8d":{"x":425.8947068388327,"y":385.50885625811344,"powered":false},"f9804ac7-7dfb-4649-af36-660a5e5afd93":{"x":363.0331611602536,"y":545.4571496349274,"powered":false},"04d30c5f-10b7-408c-ac93-aef11c5d4470":{"x":365.2150134902389,"y":470.4544977820587,"powered":false},"8c82dbd5-217d-48d0-8141-d2511d7fd57e":{"x":303.5955731994896,"y":504.3489770708776,"powered":false},"759df17b-c608-4c2b-b539-db0f72fab507":{"x":427.26483057417903,"y":546.123651554748,"powered":false},"b5922d74-e975-47bf-9b18-24d05db107ee":{"x":556.1107603377934,"y":547.868071178726,"powered":false}},"wires":{"52953404-face-4f33-903b-440ae7277f14":{"start":"94c91217-6181-44e6-9006-d3ffb4767709","end":"320a68ef-a69b-49e0-ad06-cf875ea701e1","not":true},"36e8c645-c459-48be-8585-ae3f91976006":{"start":"320a68ef-a69b-49e0-ad06-cf875ea701e1","end":"4f93b373-971c-444a-8968-0e0a763b8b6a","not":false},"1e248adf-c50a-4d6c-a073-b1e151b784e3":{"start":"4f93b373-971c-444a-8968-0e0a763b8b6a","end":"ac22c30d-211b-40b2-a2c5-43c20a0d58d8","not":true},"431c29fd-1528-4351-9291-58163b7cf527":{"start":"ac22c30d-211b-40b2-a2c5-43c20a0d58d8","end":"94c91217-6181-44e6-9006-d3ffb4767709","not":false},"f9816af0-524c-4e8d-b0e7-62fec766de65":{"start":"7f19e281-19bb-4ca7-ab82-35fc25656faa","end":"19b3d31e-fca3-4c40-96f0-697ca38893b1","not":false},"da580ffd-3383-436c-928e-457cbfb3fdfc":{"start":"19b3d31e-fca3-4c40-96f0-697ca38893b1","end":"a27ba3d1-96e8-400b-9126-79567d0d4ca5","not":false},"ad6bab58-491e-4026-8cf7-bf41d42f8561":{"start":"a27ba3d1-96e8-400b-9126-79567d0d4ca5","end":"a072a8b6-87f8-4c19-a9ea-ebfa2d370ab8","not":true},"3d01e8b7-0a89-4d67-bd51-8882ff0c6db3":{"start":"76110f2a-47a3-412e-ad3d-f0f30bc0a30a","end":"a2d34ce6-1284-4671-8b7a-801a046df964","not":true},"966de423-109f-47f5-9d63-56c62909905a":{"start":"1be2b4d3-1d3b-46a1-b97e-e0ef5a14b2dd","end":"a2d34ce6-1284-4671-8b7a-801a046df964","not":true},"d18a09f7-ebcb-4624-8897-de64724d269d":{"start":"a2d34ce6-1284-4671-8b7a-801a046df964","end":"d43d6444-d0af-4884-a84e-9bb5b20eec12","not":true},"73db2b96-c2dd-4907-89de-60ec40956cea":{"start":"510a8626-b48a-4e79-b0d0-b827bc10aadf","end":"8d750aa9-dc59-4e2e-ad2c-57bbe40e3688","not":true},"fb5f4b2c-6274-474e-b372-11b5c81f4c72":{"start":"8d750aa9-dc59-4e2e-ad2c-57bbe40e3688","end":"bef401cc-904f-49fc-9036-55848a3ea03b","not":true},"6ac82e19-ae49-433f-851a-ebb1d7853fb6":{"start":"a072a8b6-87f8-4c19-a9ea-ebfa2d370ab8","end":"510a8626-b48a-4e79-b0d0-b827bc10aadf","not":false},"f3f6fd44-f4ea-4d10-8ada-002acadf16f3":{"start":"f336efdf-2b47-4075-9d0b-60831894e8eb","end":"d5a2e4ca-5fc9-456c-a267-308a37477344","not":false},"18fb24c3-7333-4331-aa48-65ddf44ae6b7":{"start":"d5a2e4ca-5fc9-456c-a267-308a37477344","end":"d2c9a660-cd90-437d-961f-3219b49024ed","not":false},"1482d31c-2bc0-4192-8c6a-2329247c8cd0":{"start":"9641844a-3a37-4206-894e-fca717926f7c","end":"3ae3138c-152e-4138-a2c3-71b199a4d508","not":true},"5b98eec7-38ec-4cf3-90c5-c254a2cc2a4e":{"start":"724867c9-7233-4bb9-b90f-afab0c0795d9","end":"3ae3138c-152e-4138-a2c3-71b199a4d508","not":true},"41d43cc0-ec01-433d-90d9-30c69b2c43cc":{"start":"3ae3138c-152e-4138-a2c3-71b199a4d508","end":"2f23ffa1-d52b-4bc1-b713-bcb860268e8d","not":true},"ba70a884-7656-4b1b-9239-04a6b18685c4":{"start":"19b3d31e-fca3-4c40-96f0-697ca38893b1","end":"724867c9-7233-4bb9-b90f-afab0c0795d9","not":false},"40d739dd-264b-46b0-a409-230d76032b6a":{"start":"bef401cc-904f-49fc-9036-55848a3ea03b","end":"94c91217-6181-44e6-9006-d3ffb4767709","not":false},"0284a667-bfc4-4d5d-9ad4-041486b66036":{"start":"2f23ffa1-d52b-4bc1-b713-bcb860268e8d","end":"320a68ef-a69b-49e0-ad06-cf875ea701e1","not":false},"4de896d8-8348-4607-b38f-9e0b36e3ea4d":{"start":"4f93b373-971c-444a-8968-0e0a763b8b6a","end":"1a72c4cf-467c-4038-a6fa-7b7e5f73df2b","not":false},"9572ba8e-41d3-4250-a498-d355d5f98fcb":{"start":"98185b23-469f-432d-8591-cfdf8e0eddf9","end":"e8e4f03e-955c-4ee0-bc51-cb16d8c2c432","not":true},"da58dade-88d5-4d71-b354-b30c8cb50966":{"start":"e8e4f03e-955c-4ee0-bc51-cb16d8c2c432","end":"2085ca09-3b54-4944-9bde-192b1e77b859","not":false},"4a9b47cd-4667-4013-8f12-2a436dce5956":{"start":"2085ca09-3b54-4944-9bde-192b1e77b859","end":"19d58304-3747-486e-8a4b-b69458ff8d97","not":true},"5a886175-939f-4c78-8f1b-1456e9138e36":{"start":"19d58304-3747-486e-8a4b-b69458ff8d97","end":"98185b23-469f-432d-8591-cfdf8e0eddf9","not":false},"d0324738-551f-46be-90c0-a2cabbd416df":{"start":"3ee5a22b-2975-46bb-948f-0ced6076e405","end":"ba8b3eb6-9315-43ad-af64-3c932940071e","not":true},"094e519f-93de-464e-988e-9bc259eb9c6b":{"start":"d490462a-af71-44d5-9b8d-a61047d34669",