{"nodes":{"9c35a034-e0b9-4465-b19f-6d4d56483943":{"x":30.90146634615389,"y":26.461414454533525,"powered":false},"07626d16-4af4-42a1-bdf4-3e81dc68bc3d":{"x":30.309855769230808,"y":81.8646596468412,"powered":false},"0186176e-0945-447b-9ccb-375002492243":{"x":69.35180288461544,"y":54.09497214684122,"powered":false},"36066a75-38f0-42a2-bcd1-04548472a0e5":{"x":117.07439903846159,"y":55.09497214684122,"powered":false}},"wires":{"e88124fb-e494-4cb5-b7ac-a0fe5b85e7d8":{"start":"9c35a034-e0b9-4465-b19f-6d4d56483943","end":"0186176e-0945-447b-9ccb-375002492243","not":true},"dcf85931-1d83-400e-9c3f-60eee60ec715":{"start":"07626d16-4af4-42a1-bdf4-3e81dc68bc3d","end":"0186176e-0945-447b-9ccb-375002492243","not":true},"36c112a9-45d5-4d54-854a-6ed540e0c405":{"start":"0186176e-0945-447b-9ccb-375002492243","end":"36066a75-38f0-42a2-bcd1-04548472a0e5","not":true}},"texts":{"a7a6d413-b93d-47fa-9aba-a45455b76219":{"x":71.67280314507636,"y":95.80959012765598,"text":"and","scale":1},"c1023371-8540-4c04-861c-930150fcfaad":{"x":29.349581953175267,"y":6.729781013079329,"text":"in0","scale":0.5},"fe24c4f9-6651-447a-87b0-7125f92623ea":{"x":28.275141714246104,"y":61.43457420891766,"text":"in1","scale":0.5},"5a112dee-0038-4747-bb87-a615390e4922":{"x":113.91816792710854,"y":35.34699594315182,"text":"out","scale":0.5}},"viewport":{"x":0,"y":0,"scale":1}}