{"nodes":{"8e61d8e4-519c-44fe-b0cf-df228ee1f567":{"x":455.3995671866304,"y":29.206266057794267,"powered":{"duration":-1000000000000,"offset":1000}},"d91c0d0a-d0db-4962-932b-1e2c11d37b6e":{"x":457.94846857681694,"y":189.8066463852549,"powered":false},"76e84960-e586-49ba-bd05-a36b1644e699":{"x":342.82205153735856,"y":29.739508906086655,"powered":false},"62b139fa-01e4-46c1-9bd3-434ae057fa89":{"x":278.16358619932123,"y":75.17396450306939,"powered":false},"5f1c3c70-193e-4eea-b9fa-9c4bc530cf5f":{"x":401.2666021429195,"y":28.959231123815982,"powered":false},"be776e0b-1b25-4c92-a9dd-d6a7863384ff":{"x":338.4050564643404,"y":188.90752450062996,"powered":false},"6a5f0249-56cc-441f-9799-7d8a1af4c7eb":{"x":340.5869087943257,"y":113.90487264776121,"powered":false},"77a307b6-9cfc-4e5f-a570-215faf8ef478":{"x":278.96746850357647,"y":147.79935193658017,"powered":false},"a98fde50-d6a4-4e0a-8826-1937d7b04df9":{"x":402.6367258782658,"y":189.57402642045054,"powered":false},"8c329773-ae43-4876-a36d-32b1523b951e":{"x":176.31725989152812,"y":114.43030216408872,"powered":{"duration":-1000000000000,"offset":1000}},"adfbc722-51cf-4b06-bc94-4fc31e9f48a9":{"x":454.808042048399,"y":287.56094648133023,"powered":{"duration":-1000000000000,"offset":1000}},"6f94be75-7c8d-42e9-93a1-d782885a13f1":{"x":457.3569434385855,"y":448.161326808791,"powered":false},"d2f14b30-3af8-4891-b20d-5f40b24cc709":{"x":342.2305263991272,"y":288.0941893296226,"powered":false},"b8244c8a-84b1-4a0f-b18f-0597c4b0412c":{"x":277.57206106108987,"y":333.52864492660535,"powered":false},"0a3edd61-1df8-4b56-b653-7339e517247c":{"x":400.6750770046881,"y":287.31391154735195,"powered":false},"54f1df51-06ac-4206-9b4f-a712912a96c2":{"x":337.81353132610906,"y":447.26220492416604,"powered":false},"f19ec7af-b568-458e-99ca-65a919c5dd46":{"x":339.99538365609436,"y":372.2595530712972,"powered":false},"afdc30a0-3d3d-4f36-9332-4c9f6fc70850":{"x":278.3759433653451,"y":406.15403236011616,"powered":false},"18151f20-85ac-487c-8564-84fd31880b2e":{"x":402.0452007400344,"y":447.9287068439866,"powered":false},"0c144322-5561-4b3e-a384-687869a3f665":{"x":530.8911305036488,"y":449.67312646796466,"powered":false},"f67ce249-991a-4bd9-8a27-38c0855efe76":{"x":216.16540085114673,"y":406.00209350430885,"powered":false},"8ed1d2f1-afed-499e-92c8-35c3648d905f":{"x":175.7257347532967,"y":372.7849825876247,"powered":false},"8610185e-5400-443a-83e2-32f1def1cf9c":{"x":216.37870561398756,"y":242.86175623213353,"powered":false},"a40834b7-5708-4426-a4c8-ac5663858b97":{"x":457.39412685264404,"y":242.0391780026501,"powered":false},"cfec38bc-2f08-4e11-931c-8d79aa29567c":{"x":70.66000546011247,"y":113.71360769109074,"powered":{"duration":1000,"offset":0}},"810f4a49-e0ba-40d3-8012-168cfd0581fe":{"x":71.71421749610016,"y":147.44839284269582,"powered":false}},"wires":{"8dee084f-ef7b-4b35-9bfa-0f6df5817301":{"start":"d91c0d0a-d0db-4962-932b-1e2c11d37b6e","end":"8e61d8e4-519c-44fe-b0cf-df228ee1f567","not":true},"94459b89-f690-4b2e-9cc6-86f42d424522":{"start":"62b139fa-01e4-46c1-9bd3-434ae057fa89","end":"76e84960-e586-49ba-bd05-a36b1644e699","not":true},"5e3108c6-c22f-490a-8ab0-a68976690ad1":{"start":"76e84960-e586-49ba-bd05-a36b1644e699","end":"5f1c3c70-193e-4eea-b9fa-9c4bc530cf5f","not":true},"851b76ed-d9c8-4fa9-b57a-45514dab5a73":{"start":"6a5f0249-56cc-441f-9799-7d8a1af4c7eb","end":"be776e0b-1b25-4c92-a9dd-d6a7863384ff","not":true},"81102ae7-7a34-41a7-8814-21bd395c872f":{"start":"77a307b6-9cfc-4e5f-a570-215faf8ef478","end":"be776e0b-1b25-4c92-a9dd-d6a7863384ff","not":true},"f7de4bb7-afa2-4e60-8b87-59aa2c7de5c6":{"start":"be776e0b-1b25-4c92-a9dd-d6a7863384ff","end":"a98fde50-d6a4-4e0a-8826-1937d7b04df9","not":true},"b4d6d12a-df07-4469-9248-70e4fc32eeb4":{"start":"5f1c3c70-193e-4eea-b9fa-9c4bc530cf5f","end":"a98fde50-d6a4-4e0a-8826-1937d7b04df9","not":true},"cfc2ff52-2666-40d1-b248-9aa6207bcfaf":{"start":"5f1c3c70-193e-4eea-b9fa-9c4bc530cf5f","end":"8e61d8e4-519c-44fe-b0cf-df228ee1f567","not":false},"12d1b9c4-ffd7-4c98-a670-f97b1ac46d87":{"start":"a98fde50-d6a4-4e0a-8826-1937d7b04df9","end":"d91c0d0a-d0db-4962-932b-1e2c11d37b6e","not":false},"b23385e8-222f-4cca-b2e3-cb40cd73b210":{"start":"77a307b6-9cfc-4e5f-a570-215faf8ef478","end":"62b139fa-01e4-46c1-9bd3-434ae057fa89","not":true},"1b0d3603-6918-4cc8-8c5b-5b1cb4f6bae2":{"start":"6a5f0249-56cc-441f-9799-7d8a1af4c7eb","end":"76e84960-e586-49ba-bd05-a36b1644e699","not":true},"e6e84c6c-611a-469b-80da-c7eb8ab0640f":{"start":"8c329773-ae43-4876-a36d-32b1523b951e","end":"6a5f0249-56cc-441f-9799-7d8a1af4c7eb","not":true},"2c1689f4-3b60-4154-894a-88eb59bf0e45":{"start":"6f94be75-7c8d-42e9-93a1-d782885a13f1","end":"adfbc722-51cf-4b06-bc94-4fc31e9f48a9","not":true},"d85e4ef6-9dcc-45da-9ba2-6cd11eb95c67":{"start":"b8244c8a-84b1-4a0f-b18f-0597c4b0412c","end":"d2f14b30-3af8-4891-b20d-5f40b24cc709","not":true},"829f7f64-27f5-4fae-ace5-51ed62ef38fe":{"start":"d2f14b30-3af8-4891-b20d-5f40b24cc709","end":"0a3edd61-1df8-4b56-b653-7339e517247c","not":true},"2eb56bf6-a8f1-4ba4-8812-287842b7e2a7":{"start":"f19ec7af-b568-458e-99ca-65a919c5dd46","end":"54f1df51-06ac-4206-9b4f-a712912a96c2","not":true},"332d3bd8-6218-4c5a-9a3e-3e3831a5ee0b":{"start":"afdc30a0-3d3d-4f36-9332-4c9f6fc70850","end":"54f1df51-06ac-4206-9b4f-a712912a96c2","not":true},"4ad30b39-34dc-478f-8741-961b7b9cf5e1":{"start":"54f1df51-06ac-4206-9b4f-a712912a96c2","end":"18151f20-85ac-487c-8564-84fd31880b2e","not":true},"4026485c-0ab4-45eb-afc6-20b15e6b9d68":{"start":"6f94be75-7c8d-42e9-93a1-d782885a13f1","end":"0c144322-5561-4b3e-a384-687869a3f665","not":false},"d637cd14-3e9d-48ae-8563-cc465c543af4":{"start":"0a3edd61-1df8-4b56-b653-7339e517247c","end":"18151f20-85ac-487c-8564-84fd31880b2e","not":true},"435c4f12-bbe6-419b-9fe0-55e40b374809":{"start":"0a3edd61-1df8-4b56-b653-7339e517247c","end":"adfbc722-51cf-4b06-bc94-4fc31e9f48a9","not":false},"3461d786-97cb-4b58-8be0-e35b0d263e10":{"start":"18151f20-85ac-487c-8564-84fd31880b2e","end":"6f94be75-7c8d-42e9-93a1-d782885a13f1","not":false},"ed449a27-681a-4e3c-8ab1-91e7f174ee62":{"start":"afdc30a0-3d3d-4f36-9332-4c9f6fc70850","end":"b8244c8a-84b1-4a0f-b18f-0597c4b0412c","not":true},"b98ac366-44e5-4490-bdbe-380989206d2c":{"start":"f19ec7af-b568-458e-99ca-65a919c5dd46","end":"d2f14b30-3af8-4891-b20d-5f40b24cc709","not":true},"d71c463e-e8bb-4a91-aaf9-5a56a4ffad1d":{"start":"afdc30a0-3d3d-4f36-9332-4c9f6fc70850","end":"f67ce249-991a-4bd9-8a27-38c0855efe76","not":false},"8ef747a3-29a6-4d4b-9dcd-79a5289e30ea":{"start":"f19ec7af-b568-458e-99ca-65a919c5dd46","end":"8ed1d2f1-afed-499e-92c8-35c3648d905f","not":false},"adf7f8dd-94ab-4ce2-b1ed-98eb617c1ae2":{"start":"8c329773-ae43-4876-a36d-32b1523b951e","end":"8ed1d2f1-afed-499e-92c8-35c3648d905f","not":false},"f9662c53-14ef-4a19-8294-ddcb9f3fd2a7":{"start":"f67ce249-991a-4bd9-8a27-38c0855efe76","end":"8610185e-5400-443a-83e2-32f1def1cf9c","not":false},"a5a4c06b-b766-4f9d-88cc-32950e0f9c31":{"start":"8610185e-5400-443a-83e2-32f1def1cf9c","end":"a40834b7-5708-4426-a4c8-ac5663858b97","not":false},"34cd65e3-d294-487e-a513-0e0a5f96af44":{"start":"a40834b7-5708-4426-a4c8-ac5663858b97","end":"d91c0d0a-d0db-4962-932b-1e2c11d37b6e","not":false},"74ce080c-0fd3-45c0-bc69-9eb5a193590a":{"start":"8c329773-ae43-4876-a36d-32b1523b951e","end":"cfec38bc-2f08-4e11-931c-8d79aa29567c","not":false},"f4080f67-12c3-49cd-80c2-b599ab8a6344":{"start":"810f4a49-e0ba-40d3-8012-168cfd0581fe","end":"77a307b6-9cfc-4e5f-a570-215faf8ef478","not":false}},"texts":{"ce9f8e2c-91a0-4301-9287-d2b79d01977b":{"x":29.91204432066513,"y":115.02971432633399,"text":"CLK","scale":0.8},"2a4bbff2-f633-4484-a23d-f0e985daaae1":{"x":29.91204432066513,"y":149.35436302134266,"text":"D","scale":0.8},"02bc4698-8337-456a-a91e-5c09ec57a3bf":{"x":164.21077037712558,"y":45.69274239129592,"text":"D Trigger","scale":1},"694a0d15-b23f-413a-93e6-089f5fe9e4cd":{"x":526.7289308997293,"y":423.0622879853857,"text":"out","scale":1}},"viewport":{"x":0,"y":0,"scale":1}}