{"nodes":{"d5831f78-5fa8-4e12-b3db-f6e04697c462":{"x":31,"y":27.999996185302734,"powered":false},"971649b5-71f7-4cca-96a1-01b3c4b648e1":{"x":31,"y":89.99999618530273,"powered":false},"f05e3680-7cf9-4797-a040-15659d4d8f8b":{"x":100,"y":57.999996185302734,"powered":false}},"wires":{"ade1fd10-d7dc-455b-b7d3-34cea98a11f9":{"start":"d5831f78-5fa8-4e12-b3db-f6e04697c462","end":"f05e3680-7cf9-4797-a040-15659d4d8f8b","not":true},"f7cd49b3-89b6-4bb8-90d2-03d54171b6bf":{"start":"971649b5-71f7-4cca-96a1-01b3c4b648e1","end":"f05e3680-7cf9-4797-a040-15659d4d8f8b","not":true}},"texts":{"37246a12-f868-4819-a8bb-35bc4c1da09d":{"x":65.163080078125,"y":118.27275985717779,"text":"nand","scale":1},"6c091392-a158-4986-ab7d-5c514b721f88":{"x":29.492800000000017,"y":10.798669232177803,"text":"in0","scale":0.5},"5614dfab-27ec-41d9-beb5-e84e2b08738e":{"x":30.419300781250016,"y":68.70496806030279,"text":"in1","scale":0.5},"6f0d654c-88c5-41a5-b24a-5501618489e1":{"x":98.05385781250001,"y":35.8141903259278,"text":"out","scale":0.5}},"viewport":{"x":0,"y":0,"scale":1}}