{"nodes":{"c2bc7503-421b-4b97-9753-fe5eb75f5ebc":{"x":25,"y":44.999996185302734,"powered":false},"ecff694b-008d-4172-9650-c0366528600d":{"x":137.56062500000002,"y":44.36124618530272,"powered":false}},"wires":{"0e6b9b0f-3ec7-4742-8253-82dbd1239ab9":{"start":"c2bc7503-421b-4b97-9753-fe5eb75f5ebc","end":"ecff694b-008d-4172-9650-c0366528600d","not":true}},"texts":{"e4f2cc7a-46ab-41d5-8269-86e5b5d96c3f":{"x":78.53247792757568,"y":69.60849968652951,"text":"not","scale":1},"9aa29269-7c22-460a-bd32-18363ca3588b":{"x":24.97984292849733,"y":24.921642978399646,"text":"in","scale":0.5},"4920f449-3b53-4a4d-b79a-cdf6a3ac0d91":{"x":136.31316646973875,"y":23.521082850085428,"text":"out","scale":0.5}},"viewport":{"x":0,"y":0,"scale":1}}