{"nodes":{"75d82e7b-3440-4539-ab46-241fe422fcd9":{"x":77.95199996511057,"y":27.758663951848717,"powered":false},"0025fc7e-9c59-4a2c-9cc9-f1c5236cd284":{"x":77.95199996511057,"y":89.75866395184872,"powered":false},"a94be02a-c34f-4a9c-9c41-50320cdf133f":{"x":146.9519999651106,"y":57.75866395184872,"powered":false},"8013f546-2c14-499b-a19d-b69fb1f49b61":{"x":24.345624999999984,"y":27.62312118530275,"powered":false},"dac7cd65-f5ac-4278-a1c3-eaec92aa68a7":{"x":24.58126185546874,"y":90.03694231811525,"powered":false}},"wires":{"31737311-5211-4f1c-9329-2793c2addc7a":{"start":"75d82e7b-3440-4539-ab46-241fe422fcd9","end":"a94be02a-c34f-4a9c-9c41-50320cdf133f","not":true},"2b75744c-8f15-4ca9-9577-cd93c9d9e2e5":{"start":"0025fc7e-9c59-4a2c-9cc9-f1c5236cd284","end":"a94be02a-c34f-4a9c-9c41-50320cdf133f","not":true},"7fcc5dfc-0067-4e76-871a-addf246187b7":{"start":"8013f546-2c14-499b-a19d-b69fb1f49b61","end":"75d82e7b-3440-4539-ab46-241fe422fcd9","not":true},"c7922205-66fe-45a1-8c8a-a6ba80a788bc":{"start":"dac7cd65-f5ac-4278-a1c3-eaec92aa68a7","end":"0025fc7e-9c59-4a2c-9cc9-f1c5236cd284","not":true}},"texts":{"1cdd7f8a-116f-4041-ac4a-9a04291a30ac":{"x":62.11508004323558,"y":118.03142762372377,"text":"or","scale":1},"4449254a-401f-4888-a71a-74a11c4de13f":{"x":23.76952895925122,"y":7.499884420598786,"text":"in0","scale":0.5},"e4429624-e7a5-40a9-aedd-b7af0e318f66":{"x":22.879175746360588,"y":68.46363582684877,"text":"in1","scale":0.5},"ed698e5c-2330-4bd2-8206-4de64e678c84":{"x":145.54226402761057,"y":35.01134246747378,"text":"out","scale":0.5}},"viewport":{"x":0,"y":0,"scale":1}}